country,country_name,sector,prism_score,structural_score,fundamentals_score,behavior_score,topdown_score,num_firms,top_firms,porter_score,lifecycle_score,barriers,substitutes,rivalry,market_behavior_score,ret_12m,ret_6m,ann_vol,max_drawdown,beta,growth_score,gdp_pc_score,swot_score
US,United States,Communication Services,65.34,52.0,65.83,77.47,78.32,5,"['META', 'GOOG', 'GOOGL', 'NFLX', 'DIS']",47.5,62.5,2.5,4.0,3.0,77.47,0.8506,0.8261,0.3032,0.2981,1.037,45.0,81.51,50.0
US,United States,Consumer Discretionary,52.85,50.25,42.95,49.3,78.32,5,"['AMZN', 'TSLA', 'HD', 'MCD', 'NKE']",45.0,62.5,2.5,3.0,3.0,49.3,0.0521,0.0578,0.3141,0.3088,1.33,45.0,81.51,50.0
US,United States,Consumer Staples,56.45,50.25,48.45,63.3,78.32,5,"['COST', 'WMT', 'PG', 'KO', 'PEP']",45.0,62.5,2.5,3.0,3.0,63.3,0.2306,0.184,0.2161,0.2193,0.577,45.0,81.51,50.0
US,United States,Energy,55.21,48.5,50.0,50.0,78.32,0,[],42.5,62.5,2.5,3.0,3.0,50.0,,,,,,45.0,81.51,50.0
US,United States,Financials,55.7,48.5,48.27,61.77,78.32,5,"['JPM', 'BAC', 'WFC', 'GS', 'MS']",42.5,62.5,2.5,3.0,3.0,61.77,0.3217,0.1925,0.2376,0.2442,0.953,45.0,81.51,50.0
US,United States,Health Care,60.81,48.5,62.07,57.73,78.32,5,"['LLY', 'UNH', 'JNJ', 'ABBV', 'MRK']",42.5,62.5,2.5,3.0,3.0,57.73,0.2266,0.3106,0.3573,0.3448,0.636,45.0,81.51,50.0
US,United States,Industrials,55.21,48.5,50.0,50.0,78.32,0,[],42.5,62.5,2.5,3.0,3.0,50.0,,,,,,45.0,81.51,50.0
US,United States,Information Technology,59.0,52.0,57.45,47.54,78.32,5,"['MSFT', 'AAPL', 'NVDA', 'AVGO', 'PLTR']",47.5,62.5,2.5,4.0,3.0,47.54,0.2572,0.2791,0.5099,0.3688,1.833,45.0,81.51,50.0
US,United States,Materials,55.21,48.5,50.0,50.0,78.32,0,[],42.5,62.5,2.5,3.0,3.0,50.0,,,,,,45.0,81.51,50.0
US,United States,Real Estate,54.16,45.0,50.0,50.0,78.32,0,[],37.5,62.5,2.5,2.0,3.0,50.0,,,,,,45.0,81.51,50.0
US,United States,Utilities,54.16,45.0,50.0,50.0,78.32,0,[],37.5,62.5,2.5,2.0,3.0,50.0,,,,,,45.0,81.51,50.0
CN,China,Communication Services,48.99,52.0,50.0,50.0,41.93,0,[],47.5,62.5,2.5,4.0,3.0,50.0,,,,,,72.0,11.84,50.0
CN,China,Consumer Discretionary,39.97,50.25,30.43,43.38,41.93,5,"['1211.HK', 'NIO', 'XPEV', 'LI', 'BABA']",45.0,62.5,2.5,3.0,3.0,43.38,0.1925,-0.2417,0.4057,0.3953,1.0,72.0,11.84,50.0
CN,China,Consumer Staples,48.46,50.25,50.0,50.0,41.93,0,[],45.0,62.5,2.5,3.0,3.0,50.0,,,,,,72.0,11.84,50.0
CN,China,Energy,47.94,48.5,50.0,50.0,41.93,0,[],42.5,62.5,2.5,3.0,3.0,50.0,,,,,,72.0,11.84,50.0
CN,China,Financials,47.94,48.5,50.0,50.0,41.93,0,[],42.5,62.5,2.5,3.0,3.0,50.0,,,,,,72.0,11.84,50.0
CN,China,Health Care,47.94,48.5,50.0,50.0,41.93,0,[],42.5,62.5,2.5,3.0,3.0,50.0,,,,,,72.0,11.84,50.0
CN,China,Industrials,47.94,48.5,50.0,50.0,41.93,0,[],42.5,62.5,2.5,3.0,3.0,50.0,,,,,,72.0,11.84,50.0
CN,China,Information Technology,54.53,52.0,60.21,64.58,41.93,5,"['BABA', 'TCEHY', 'JD', 'PDD', 'BIDU']",47.5,62.5,2.5,4.0,3.0,64.58,0.5376,0.1824,0.3425,0.2488,0.581,72.0,11.84,50.0
CN,China,Materials,47.94,48.5,50.0,50.0,41.93,0,[],42.5,62.5,2.5,3.0,3.0,50.0,,,,,,72.0,11.84,50.0
CN,China,Real Estate,46.89,45.0,50.0,50.0,41.93,0,[],37.5,62.5,2.5,2.0,3.0,50.0,,,,,,72.0,11.84,50.0
CN,China,Utilities,46.89,45.0,50.0,50.0,41.93,0,[],37.5,62.5,2.5,2.0,3.0,50.0,,,,,,72.0,11.84,50.0
JP,Japan,Communication Services,46.04,52.0,50.0,50.0,27.19,0,[],47.5,62.5,2.5,4.0,3.0,50.0,,,,,,39.0,33.28,50.0
JP,Japan,Consumer Discretionary,41.36,50.25,39.76,49.39,27.19,2,"['9983.T', '7203.T']",45.0,62.5,2.5,3.0,3.0,49.39,0.1631,0.13,0.3595,0.4167,1.0,39.0,33.28,50.0
JP,Japan,Consumer Staples,45.51,50.25,50.0,50.0,27.19,0,[],45.0,62.5,2.5,3.0,3.0,50.0,,,,,,39.0,33.28,50.0
JP,Japan,Energy,44.99,48.5,50.0,50.0,27.19,0,[],42.5,62.5,2.5,3.0,3.0,50.0,,,,,,39.0,33.28,50.0
JP,Japan,Financials,44.99,48.5,50.0,50.0,27.19,0,[],42.5,62.5,2.5,3.0,3.0,50.0,,,,,,39.0,33.28,50.0
JP,Japan,Health Care,44.99,48.5,50.0,50.0,27.19,0,[],42.5,62.5,2.5,3.0,3.0,50.0,,,,,,39.0,33.28,50.0
JP,Japan,Industrials,37.91,48.5,29.41,61.52,27.19,2,"['8058.T', '5401.T']",42.5,62.5,2.5,3.0,3.0,61.52,0.4682,0.3192,0.3036,0.3373,1.0,39.0,33.28,50.0
JP,Japan,Information Technology,45.19,52.0,45.54,59.39,27.19,4,"['8035.T', '6758.T', '6861.T', '6503.T']",47.5,62.5,2.5,4.0,3.0,59.39,0.463,0.1288,0.3594,0.2663,1.0,39.0,33.28,50.0
JP,Japan,Materials,44.99,48.5,50.0,50.0,27.19,0,[],42.5,62.5,2.5,3.0,3.0,50.0,,,,,,39.0,33.28,50.0
JP,Japan,Real Estate,43.94,45.0,50.0,50.0,27.19,0,[],37.5,62.5,2.5,2.0,3.0,50.0,,,,,,39.0,33.28,50.0
JP,Japan,Utilities,43.94,45.0,50.0,50.0,27.19,0,[],37.5,62.5,2.5,2.0,3.0,50.0,,,,,,39.0,33.28,50.0
DE,Germany,Communication Services,46.96,52.0,50.0,50.0,31.78,0,[],47.5,62.5,2.5,4.0,3.0,50.0,,,,,,17.0,52.34,50.0
DE,Germany,Consumer Discretionary,46.43,50.25,50.0,50.0,31.78,0,[],45.0,62.5,2.5,3.0,3.0,50.0,,,,,,17.0,52.34,50.0
DE,Germany,Consumer Staples,46.43,50.25,50.0,50.0,31.78,0,[],45.0,62.5,2.5,3.0,3.0,50.0,,,,,,17.0,52.34,50.0
DE,Germany,Energy,45.91,48.5,50.0,50.0,31.78,0,[],42.5,62.5,2.5,3.0,3.0,50.0,,,,,,17.0,52.34,50.0
DE,Germany,Financials,44.69,48.5,43.36,64.35,31.78,1,['ALV.DE'],42.5,62.5,2.5,3.0,3.0,64.35,0.281,0.0735,0.1771,0.1203,1.0,17.0,52.34,50.0
DE,Germany,Health Care,45.91,48.5,50.0,50.0,31.78,0,[],42.5,62.5,2.5,3.0,3.0,50.0,,,,,,17.0,52.34,50.0
DE,Germany,Industrials,45.94,48.5,47.08,61.99,31.78,1,['RHM.DE'],42.5,62.5,2.5,3.0,3.0,61.99,1.5077,-0.1481,0.4253,0.2743,1.0,17.0,52.34,50.0
DE,Germany,Information Technology,48.91,52.0,54.99,49.61,31.78,1,['SAP'],47.5,62.5,2.5,4.0,3.0,49.61,-0.0162,-0.1904,0.265,0.25,0.823,17.0,52.34,50.0
DE,Germany,Materials,45.91,48.5,50.0,50.0,31.78,0,[],42.5,62.5,2.5,3.0,3.0,50.0,,,,,,17.0,52.34,50.0
DE,Germany,Real Estate,44.86,45.0,50.0,50.0,31.78,0,[],37.5,62.5,2.5,2.0,3.0,50.0,,,,,,17.0,52.34,50.0
DE,Germany,Utilities,44.86,45.0,50.0,50.0,31.78,0,[],37.5,62.5,2.5,2.0,3.0,50.0,,,,,,17.0,52.34,50.0
IN,India,Communication Services,44.96,52.0,50.0,50.0,21.81,0,[],47.5,62.5,2.5,4.0,3.0,50.0,,,,,,92.0,1.63,50.0
IN,India,Consumer Discretionary,44.44,50.25,50.0,50.0,21.81,0,[],45.0,62.5,2.5,3.0,3.0,50.0,,,,,,92.0,1.63,50.0
IN,India,Consumer Staples,44.44,50.25,50.0,50.0,21.81,0,[],45.0,62.5,2.5,3.0,3.0,50.0,,,,,,92.0,1.63,50.0
IN,India,Energy,40.26,48.5,39.17,56.75,21.81,1,['RELIANCE.NS'],42.5,62.5,2.5,3.0,3.0,56.75,0.1817,0.0676,0.2129,0.2718,1.0,92.0,1.63,50.0
IN,India,Financials,43.91,48.5,50.0,50.0,21.81,0,[],42.5,62.5,2.5,3.0,3.0,50.0,,,,,,92.0,1.63,50.0
IN,India,Health Care,43.91,48.5,50.0,50.0,21.81,0,[],42.5,62.5,2.5,3.0,3.0,50.0,,,,,,92.0,1.63,50.0
IN,India,Industrials,41.0,48.5,40.25,59.86,21.81,3,"['TATAMOTORS.NS', 'ADANIENT.NS', 'M&M.NS']",42.5,62.5,2.5,3.0,3.0,59.86,0.2359,0.2136,0.2949,0.2242,1.0,92.0,1.63,50.0
IN,India,Information Technology,46.99,52.0,56.16,45.64,21.81,2,"['TCS.NS', 'INFY.NS']",47.5,62.5,2.5,4.0,3.0,45.64,-0.2305,-0.0469,0.2089,0.3445,1.0,92.0,1.63,50.0
IN,India,Materials,41.18,48.5,42.34,53.33,21.81,1,['TATASTEEL.NS'],42.5,62.5,2.5,3.0,3.0,53.33,0.1725,0.0622,0.2884,0.3168,1.0,92.0,1.63,50.0
IN,India,Real Estate,42.86,45.0,50.0,50.0,21.81,0,[],37.5,62.5,2.5,2.0,3.0,50.0,,,,,,92.0,1.63,50.0
IN,India,Utilities,42.86,45.0,50.0,50.0,21.81,0,[],37.5,62.5,2.5,2.0,3.0,50.0,,,,,,92.0,1.63,50.0
GB,United Kingdom,Communication Services,46.59,52.0,50.0,50.0,29.93,0,[],47.5,62.5,2.5,4.0,3.0,50.0,,,,,,25.0,48.39,50.0
GB,United Kingdom,Consumer Discretionary,46.06,50.25,50.0,50.0,29.93,0,[],45.0,62.5,2.5,3.0,3.0,50.0,,,,,,25.0,48.39,50.0
GB,United Kingdom,Consumer Staples,46.06,50.25,50.0,50.0,29.93,0,[],45.0,62.5,2.5,3.0,3.0,50.0,,,,,,25.0,48.39,50.0
GB,United Kingdom,Energy,45.54,48.5,50.0,50.0,29.93,0,[],42.5,62.5,2.5,3.0,3.0,50.0,,,,,,25.0,48.39,50.0
GB,United Kingdom,Financials,45.54,48.5,50.0,50.0,29.93,0,[],42.5,62.5,2.5,3.0,3.0,50.0,,,,,,25.0,48.39,50.0
GB,United Kingdom,Health Care,45.54,48.5,50.0,50.0,29.93,0,[],42.5,62.5,2.5,3.0,3.0,50.0,,,,,,25.0,48.39,50.0
GB,United Kingdom,Industrials,45.54,48.5,50.0,50.0,29.93,0,[],42.5,62.5,2.5,3.0,3.0,50.0,,,,,,25.0,48.39,50.0
GB,United Kingdom,Information Technology,46.59,52.0,50.0,50.0,29.93,0,[],47.5,62.5,2.5,4.0,3.0,50.0,,,,,,25.0,48.39,50.0
GB,United Kingdom,Materials,45.54,48.5,50.0,50.0,29.93,0,[],42.5,62.5,2.5,3.0,3.0,50.0,,,,,,25.0,48.39,50.0
GB,United Kingdom,Real Estate,44.49,45.0,50.0,50.0,29.93,0,[],37.5,62.5,2.5,2.0,3.0,50.0,,,,,,25.0,48.39,50.0
GB,United Kingdom,Utilities,44.49,45.0,50.0,50.0,29.93,0,[],37.5,62.5,2.5,2.0,3.0,50.0,,,,,,25.0,48.39,50.0
FR,France,Communication Services,46.36,52.0,50.0,50.0,28.79,0,[],47.5,62.5,2.5,4.0,3.0,50.0,,,,,,29.0,44.99,50.0
FR,France,Consumer Discretionary,46.36,50.25,51.39,49.71,28.79,1,['MC.PA'],45.0,62.5,2.5,3.0,3.0,49.71,-0.001,0.373,0.3073,0.4814,1.0,29.0,44.99,50.0
FR,France,Consumer Staples,45.83,50.25,50.0,50.0,28.79,0,[],45.0,62.5,2.5,3.0,3.0,50.0,,,,,,29.0,44.99,50.0
FR,France,Energy,45.73,48.5,49.52,56.12,28.79,1,['TTE.PA'],42.5,62.5,2.5,3.0,3.0,56.12,0.1205,0.0629,0.1988,0.2672,1.0,29.0,44.99,50.0
FR,France,Financials,45.31,48.5,50.0,50.0,28.79,0,[],42.5,62.5,2.5,3.0,3.0,50.0,,,,,,29.0,44.99,50.0
FR,France,Health Care,45.31,48.5,50.0,50.0,28.79,0,[],42.5,62.5,2.5,3.0,3.0,50.0,,,,,,29.0,44.99,50.0
FR,France,Industrials,45.31,48.5,50.0,50.0,28.79,0,[],42.5,62.5,2.5,3.0,3.0,50.0,,,,,,29.0,44.99,50.0
FR,France,Information Technology,46.36,52.0,50.0,50.0,28.79,0,[],47.5,62.5,2.5,4.0,3.0,50.0,,,,,,29.0,44.99,50.0
FR,France,Materials,45.09,48.5,47.66,57.13,28.79,1,['AI.PA'],42.5,62.5,2.5,3.0,3.0,57.13,0.0377,-0.108,0.1774,0.1245,1.0,29.0,44.99,50.0
FR,France,Real Estate,44.26,45.0,50.0,50.0,28.79,0,[],37.5,62.5,2.5,2.0,3.0,50.0,,,,,,29.0,44.99,50.0
FR,France,Utilities,44.26,45.0,50.0,50.0,28.79,0,[],37.5,62.5,2.5,2.0,3.0,50.0,,,,,,29.0,44.99,50.0
IT,Italy,Communication Services,45.49,52.0,50.0,50.0,24.44,0,[],47.5,62.5,2.5,4.0,3.0,50.0,,,,,,27.0,37.52,50.0
IT,Italy,Consumer Discretionary,44.96,50.25,50.0,50.0,24.44,0,[],45.0,62.5,2.5,3.0,3.0,50.0,,,,,,27.0,37.52,50.0
IT,Italy,Consumer Staples,44.96,50.25,50.0,50.0,24.44,0,[],45.0,62.5,2.5,3.0,3.0,50.0,,,,,,27.0,37.52,50.0
IT,Italy,Energy,44.44,48.5,50.0,50.0,24.44,0,[],42.5,62.5,2.5,3.0,3.0,50.0,,,,,,27.0,37.52,50.0
IT,Italy,Financials,44.44,48.5,50.0,50.0,24.44,0,[],42.5,62.5,2.5,3.0,3.0,50.0,,,,,,27.0,37.52,50.0
IT,Italy,Health Care,44.44,48.5,50.0,50.0,24.44,0,[],42.5,62.5,2.5,3.0,3.0,50.0,,,,,,27.0,37.52,50.0
IT,Italy,Industrials,44.44,48.5,50.0,50.0,24.44,0,[],42.5,62.5,2.5,3.0,3.0,50.0,,,,,,27.0,37.52,50.0
IT,Italy,Information Technology,45.49,52.0,50.0,50.0,24.44,0,[],47.5,62.5,2.5,4.0,3.0,50.0,,,,,,27.0,37.52,50.0
IT,Italy,Materials,44.44,48.5,50.0,50.0,24.44,0,[],42.5,62.5,2.5,3.0,3.0,50.0,,,,,,27.0,37.52,50.0
IT,Italy,Real Estate,43.39,45.0,50.0,50.0,24.44,0,[],37.5,62.5,2.5,2.0,3.0,50.0,,,,,,27.0,37.52,50.0
IT,Italy,Utilities,43.39,45.0,50.0,50.0,24.44,0,[],37.5,62.5,2.5,2.0,3.0,50.0,,,,,,27.0,37.52,50.0
BR,Brazil,Communication Services,43.86,52.0,50.0,50.0,16.31,0,[],47.5,62.5,2.5,4.0,3.0,50.0,,,,,,49.0,9.22,50.0
BR,Brazil,Consumer Discretionary,43.34,50.25,50.0,50.0,16.31,0,[],45.0,62.5,2.5,3.0,3.0,50.0,,,,,,49.0,9.22,50.0
BR,Brazil,Consumer Staples,43.34,50.25,50.0,50.0,16.31,0,[],45.0,62.5,2.5,3.0,3.0,50.0,,,,,,49.0,9.22,50.0
BR,Brazil,Energy,42.81,48.5,50.0,50.0,16.31,0,[],42.5,62.5,2.5,3.0,3.0,50.0,,,,,,49.0,9.22,50.0
BR,Brazil,Financials,42.81,48.5,50.0,50.0,16.31,0,[],42.5,62.5,2.5,3.0,3.0,50.0,,,,,,49.0,9.22,50.0
BR,Brazil,Health Care,42.81,48.5,50.0,50.0,16.31,0,[],42.5,62.5,2.5,3.0,3.0,50.0,,,,,,49.0,9.22,50.0
BR,Brazil,Industrials,42.81,48.5,50.0,50.0,16.31,0,[],42.5,62.5,2.5,3.0,3.0,50.0,,,,,,49.0,9.22,50.0
BR,Brazil,Information Technology,43.86,52.0,50.0,50.0,16.31,0,[],47.5,62.5,2.5,4.0,3.0,50.0,,,,,,49.0,9.22,50.0
BR,Brazil,Materials,42.81,48.5,50.0,50.0,16.31,0,[],42.5,62.5,2.5,3.0,3.0,50.0,,,,,,49.0,9.22,50.0
BR,Brazil,Real Estate,41.76,45.0,50.0,50.0,16.31,0,[],37.5,62.5,2.5,2.0,3.0,50.0,,,,,,49.0,9.22,50.0
BR,Brazil,Utilities,41.76,45.0,50.0,50.0,16.31,0,[],37.5,62.5,2.5,2.0,3.0,50.0,,,,,,49.0,9.22,50.0
CA,Canada,Communication Services,46.93,52.0,50.0,50.0,31.64,0,[],47.5,62.5,2.5,4.0,3.0,50.0,,,,,,31.0,54.41,50.0
CA,Canada,Consumer Discretionary,46.4,50.25,50.0,50.0,31.64,0,[],45.0,62.5,2.5,3.0,3.0,50.0,,,,,,31.0,54.41,50.0
CA,Canada,Consumer Staples,46.4,50.25,50.0,50.0,31.64,0,[],45.0,62.5,2.5,3.0,3.0,50.0,,,,,,31.0,54.41,50.0
CA,Canada,Energy,45.88,48.5,50.0,50.0,31.64,0,[],42.5,62.5,2.5,3.0,3.0,50.0,,,,,,31.0,54.41,50.0
CA,Canada,Financials,45.88,48.5,50.0,50.0,31.64,0,[],42.5,62.5,2.5,3.0,3.0,50.0,,,,,,31.0,54.41,50.0
CA,Canada,Health Care,45.88,48.5,50.0,50.0,31.64,0,[],42.5,62.5,2.5,3.0,3.0,50.0,,,,,,31.0,54.41,50.0
CA,Canada,Industrials,45.88,48.5,50.0,50.0,31.64,0,[],42.5,62.5,2.5,3.0,3.0,50.0,,,,,,31.0,54.41,50.0
CA,Canada,Information Technology,46.93,52.0,50.0,50.0,31.64,0,[],47.5,62.5,2.5,4.0,3.0,50.0,,,,,,31.0,54.41,50.0
CA,Canada,Materials,45.88,48.5,50.0,50.0,31.64,0,[],42.5,62.5,2.5,3.0,3.0,50.0,,,,,,31.0,54.41,50.0
CA,Canada,Real Estate,44.83,45.0,50.0,50.0,31.64,0,[],37.5,62.5,2.5,2.0,3.0,50.0,,,,,,31.0,54.41,50.0
CA,Canada,Utilities,44.83,45.0,50.0,50.0,31.64,0,[],37.5,62.5,2.5,2.0,3.0,50.0,,,,,,31.0,54.41,50.0
KR,South Korea,Communication Services,43.55,52.0,43.28,60.89,22.76,1,['035720.KS'],47.5,62.5,2.5,4.0,3.0,60.89,0.7523,0.4253,0.4369,0.4626,1.0,34.0,32.52,50.0
KR,South Korea,Consumer Discretionary,39.85,50.25,33.81,67.01,22.76,1,['005380.KS'],45.0,62.5,2.5,3.0,3.0,67.01,0.5588,0.7483,0.38,0.3816,1.0,34.0,32.52,50.0
KR,South Korea,Consumer Staples,44.63,50.25,50.0,50.0,22.76,0,[],45.0,62.5,2.5,3.0,3.0,50.0,,,,,,34.0,32.52,50.0
KR,South Korea,Energy,44.1,48.5,50.0,50.0,22.76,0,[],42.5,62.5,2.5,3.0,3.0,50.0,,,,,,34.0,32.52,50.0
KR,South Korea,Financials,44.1,48.5,50.0,50.0,22.76,0,[],42.5,62.5,2.5,3.0,3.0,50.0,,,,,,34.0,32.52,50.0
KR,South Korea,Health Care,44.1,48.5,50.0,50.0,22.76,0,[],42.5,62.5,2.5,3.0,3.0,50.0,,,,,,34.0,32.52,50.0
KR,South Korea,Industrials,44.1,48.5,50.0,50.0,22.76,0,[],42.5,62.5,2.5,3.0,3.0,50.0,,,,,,34.0,32.52,50.0
KR,South Korea,Information Technology,48.34,52.0,51.35,76.44,22.76,3,"['005930.KS', '000660.KS', '035420.KS']",47.5,62.5,2.5,4.0,3.0,76.44,0.9673,0.9287,0.327,0.4285,1.0,34.0,32.52,50.0
KR,South Korea,Materials,44.1,48.5,50.0,50.0,22.76,0,[],42.5,62.5,2.5,3.0,3.0,50.0,,,,,,34.0,32.52,50.0
KR,South Korea,Real Estate,43.05,45.0,50.0,50.0,22.76,0,[],37.5,62.5,2.5,2.0,3.0,50.0,,,,,,34.0,32.52,50.0
KR,South Korea,Utilities,43.05,45.0,50.0,50.0,22.76,0,[],37.5,62.5,2.5,2.0,3.0,50.0,,,,,,34.0,32.52,50.0
RU,Russia,Communication Services,43.94,52.0,50.0,50.0,16.69,0,[],47.5,62.5,2.5,4.0,3.0,50.0,,,,,,41.0,13.53,50.0
RU,Russia,Consumer Discretionary,43.41,50.25,50.0,50.0,16.69,0,[],45.0,62.5,2.5,3.0,3.0,50.0,,,,,,41.0,13.53,50.0
RU,Russia,Consumer Staples,43.41,50.25,50.0,50.0,16.69,0,[],45.0,62.5,2.5,3.0,3.0,50.0,,,,,,41.0,13.53,50.0
RU,Russia,Energy,42.89,48.5,50.0,50.0,16.69,0,[],42.5,62.5,2.5,3.0,3.0,50.0,,,,,,41.0,13.53,50.0
RU,Russia,Financials,42.89,48.5,50.0,50.0,16.69,0,[],42.5,62.5,2.5,3.0,3.0,50.0,,,,,,41.0,13.53,50.0
RU,Russia,Health Care,42.89,48.5,50.0,50.0,16.69,0,[],42.5,62.5,2.5,3.0,3.0,50.0,,,,,,41.0,13.53,50.0
RU,Russia,Industrials,42.89,48.5,50.0,50.0,16.69,0,[],42.5,62.5,2.5,3.0,3.0,50.0,,,,,,41.0,13.53,50.0
RU,Russia,Information Technology,43.94,52.0,50.0,50.0,16.69,0,[],47.5,62.5,2.5,4.0,3.0,50.0,,,,,,41.0,13.53,50.0
RU,Russia,Materials,42.89,48.5,50.0,50.0,16.69,0,[],42.5,62.5,2.5,3.0,3.0,50.0,,,,,,41.0,13.53,50.0
RU,Russia,Real Estate,41.84,45.0,50.0,50.0,16.69,0,[],37.5,62.5,2.5,2.0,3.0,50.0,,,,,,41.0,13.53,50.0
RU,Russia,Utilities,41.84,45.0,50.0,50.0,16.69,0,[],37.5,62.5,2.5,2.0,3.0,50.0,,,,,,41.0,13.53,50.0
ES,Spain,Communication Services,45.47,52.0,50.0,50.0,24.35,0,[],47.5,62.5,2.5,4.0,3.0,50.0,,,,,,45.0,32.8,50.0
ES,Spain,Consumer Discretionary,44.95,50.25,50.0,50.0,24.35,0,[],45.0,62.5,2.5,3.0,3.0,50.0,,,,,,45.0,32.8,50.0
ES,Spain,Consumer Staples,44.95,50.25,50.0,50.0,24.35,0,[],45.0,62.5,2.5,3.0,3.0,50.0,,,,,,45.0,32.8,50.0
ES,Spain,Energy,44.42,48.5,50.0,50.0,24.35,0,[],42.5,62.5,2.5,3.0,3.0,50.0,,,,,,45.0,32.8,50.0
ES,Spain,Financials,44.42,48.5,50.0,50.0,24.35,0,[],42.5,62.5,2.5,3.0,3.0,50.0,,,,,,45.0,32.8,50.0
ES,Spain,Health Care,44.42,48.5,50.0,50.0,24.35,0,[],42.5,62.5,2.5,3.0,3.0,50.0,,,,,,45.0,32.8,50.0
ES,Spain,Industrials,44.42,48.5,50.0,50.0,24.35,0,[],42.5,62.5,2.5,3.0,3.0,50.0,,,,,,45.0,32.8,50.0
ES,Spain,Information Technology,45.47,52.0,50.0,50.0,24.35,0,[],47.5,62.5,2.5,4.0,3.0,50.0,,,,,,45.0,32.8,50.0
ES,Spain,Materials,44.42,48.5,50.0,50.0,24.35,0,[],42.5,62.5,2.5,3.0,3.0,50.0,,,,,,45.0,32.8,50.0
ES,Spain,Real Estate,43.37,45.0,50.0,50.0,24.35,0,[],37.5,62.5,2.5,2.0,3.0,50.0,,,,,,45.0,32.8,50.0
ES,Spain,Utilities,43.37,45.0,50.0,50.0,24.35,0,[],37.5,62.5,2.5,2.0,3.0,50.0,,,,,,45.0,32.8,50.0
AU,Australia,Communication Services,47.89,52.0,50.0,50.0,36.46,0,[],47.5,62.5,2.5,4.0,3.0,50.0,,,,,,40.0,64.6,50.0
AU,Australia,Consumer Discretionary,47.37,50.25,50.0,50.0,36.46,0,[],45.0,62.5,2.5,3.0,3.0,50.0,,,,,,40.0,64.6,50.0
AU,Australia,Consumer Staples,47.37,50.25,50.0,50.0,36.46,0,[],45.0,62.5,2.5,3.0,3.0,50.0,,,,,,40.0,64.6,50.0
AU,Australia,Energy,46.84,48.5,50.0,50.0,36.46,0,[],42.5,62.5,2.5,3.0,3.0,50.0,,,,,,40.0,64.6,50.0
AU,Australia,Financials,46.84,48.5,50.0,50.0,36.46,0,[],42.5,62.5,2.5,3.0,3.0,50.0,,,,,,40.0,64.6,50.0
AU,Australia,Health Care,57.72,48.5,79.18,42.08,36.46,1,['PME.AX'],42.5,62.5,2.5,3.0,3.0,42.08,-0.0704,-0.0785,0.3761,0.4042,1.0,40.0,64.6,50.0
AU,Australia,Industrials,42.24,48.5,34.85,64.54,36.46,2,"['NWH.AX', 'ASB.AX']",42.5,62.5,2.5,3.0,3.0,64.54,1.2177,0.0252,0.4602,0.2611,1.0,40.0,64.6,50.0
AU,Australia,Information Technology,47.89,52.0,50.0,50.0,36.46,0,[],47.5,62.5,2.5,4.0,3.0,50.0,,,,,,40.0,64.6,50.0
AU,Australia,Materials,46.84,48.5,50.0,50.0,36.46,0,[],42.5,62.5,2.5,3.0,3.0,50.0,,,,,,40.0,64.6,50.0
AU,Australia,Real Estate,50.89,45.0,64.25,43.99,36.46,1,['GMG.AX'],37.5,62.5,2.5,2.0,3.0,43.99,-0.2127,-0.1277,0.265,0.3251,1.0,40.0,64.6,50.0
AU,Australia,Utilities,45.79,45.0,50.0,50.0,36.46,0,[],37.5,62.5,2.5,2.0,3.0,50.0,,,,,,40.0,64.6,50.0
MX,Mexico,Communication Services,44.15,52.0,50.0,50.0,17.76,0,[],47.5,62.5,2.5,4.0,3.0,50.0,,,,,,52.0,12.94,50.0
MX,Mexico,Consumer Discretionary,43.63,50.25,50.0,50.0,17.76,0,[],45.0,62.5,2.5,3.0,3.0,50.0,,,,,,52.0,12.94,50.0
MX,Mexico,Consumer Staples,43.63,50.25,50.0,50.0,17.76,0,[],45.0,62.5,2.5,3.0,3.0,50.0,,,,,,52.0,12.94,50.0
MX,Mexico,Energy,43.1,48.5,50.0,50.0,17.76,0,[],42.5,62.5,2.5,3.0,3.0,50.0,,,,,,52.0,12.94,50.0
MX,Mexico,Financials,43.1,48.5,50.0,50.0,17.76,0,[],42.5,62.5,2.5,3.0,3.0,50.0,,,,,,52.0,12.94,50.0
MX,Mexico,Health Care,43.1,48.5,50.0,50.0,17.76,0,[],42.5,62.5,2.5,3.0,3.0,50.0,,,,,,52.0,12.94,50.0
MX,Mexico,Industrials,43.1,48.5,50.0,50.0,17.76,0,[],42.5,62.5,2.5,3.0,3.0,50.0,,,,,,52.0,12.94,50.0
MX,Mexico,Information Technology,44.15,52.0,50.0,50.0,17.76,0,[],47.5,62.5,2.5,4.0,3.0,50.0,,,,,,52.0,12.94,50.0
MX,Mexico,Materials,43.1,48.5,50.0,50.0,17.76,0,[],42.5,62.5,2.5,3.0,3.0,50.0,,,,,,52.0,12.94,50.0
MX,Mexico,Real Estate,42.05,45.0,50.0,50.0,17.76,0,[],37.5,62.5,2.5,2.0,3.0,50.0,,,,,,52.0,12.94,50.0
MX,Mexico,Utilities,42.05,45.0,50.0,50.0,17.76,0,[],37.5,62.5,2.5,2.0,3.0,50.0,,,,,,52.0,12.94,50.0
ID,Indonesia,Communication Services,47.34,52.0,56.15,60.1,16.37,1,['TLKM.JK'],47.5,62.5,2.5,4.0,3.0,60.1,0.5471,0.3716,0.3379,0.4228,1.0,70.0,4.11,50.0
ID,Indonesia,Consumer Discretionary,43.35,50.25,50.0,50.0,16.37,0,[],45.0,62.5,2.5,3.0,3.0,50.0,,,,,,70.0,4.11,50.0
ID,Indonesia,Consumer Staples,43.35,50.25,50.0,50.0,16.37,0,[],45.0,62.5,2.5,3.0,3.0,50.0,,,,,,70.0,4.11,50.0
ID,Indonesia,Energy,42.82,48.5,50.0,50.0,16.37,0,[],42.5,62.5,2.5,3.0,3.0,50.0,,,,,,70.0,4.11,50.0
ID,Indonesia,Financials,35.77,48.5,36.31,34.19,16.37,1,['ARTO.JK'],42.5,62.5,2.5,3.0,3.0,34.19,-0.1914,0.1662,0.5302,0.6493,1.0,70.0,4.11,50.0
ID,Indonesia,Health Care,40.58,48.5,47.8,36.32,16.37,1,['KLBF.JK'],42.5,62.5,2.5,3.0,3.0,36.32,-0.2083,-0.2658,0.3676,0.42,1.0,70.0,4.11,50.0
ID,Indonesia,Industrials,33.94,48.5,30.1,40.73,16.37,1,['JSMR.JK'],42.5,62.5,2.5,3.0,3.0,40.73,-0.2242,-0.1047,0.3212,0.3913,1.0,70.0,4.11,50.0
ID,Indonesia,Information Technology,43.87,52.0,50.0,50.0,16.37,0,[],47.5,62.5,2.5,4.0,3.0,50.0,,,,,,70.0,4.11,50.0
ID,Indonesia,Materials,33.91,48.5,30.63,38.37,16.37,1,['INCO.JK'],42.5,62.5,2.5,3.0,3.0,38.37,0.0558,0.1114,0.4864,0.6462,1.0,70.0,4.11,50.0
ID,Indonesia,Real Estate,41.77,45.0,50.0,50.0,16.37,0,[],37.5,62.5,2.5,2.0,3.0,50.0,,,,,,70.0,4.11,50.0
ID,Indonesia,Utilities,41.77,45.0,50.0,50.0,16.37,0,[],37.5,62.5,2.5,2.0,3.0,50.0,,,,,,70.0,4.11,50.0
NL,Netherlands,Communication Services,47.07,52.0,50.0,50.0,32.37,0,[],47.5,62.5,2.5,4.0,3.0,50.0,,,,,,21.0,63.38,50.0
NL,Netherlands,Consumer Discretionary,46.55,50.25,50.0,50.0,32.37,0,[],45.0,62.5,2.5,3.0,3.0,50.0,,,,,,21.0,63.38,50.0
NL,Netherlands,Consumer Staples,46.55,50.25,50.0,50.0,32.37,0,[],45.0,62.5,2.5,3.0,3.0,50.0,,,,,,21.0,63.38,50.0
NL,Netherlands,Energy,46.02,48.5,50.0,50.0,32.37,0,[],42.5,62.5,2.5,3.0,3.0,50.0,,,,,,21.0,63.38,50.0
NL,Netherlands,Financials,46.02,48.5,50.0,50.0,32.37,0,[],42.5,62.5,2.5,3.0,3.0,50.0,,,,,,21.0,63.38,50.0
NL,Netherlands,Health Care,46.02,48.5,50.0,50.0,32.37,0,[],42.5,62.5,2.5,3.0,3.0,50.0,,,,,,21.0,63.38,50.0
NL,Netherlands,Industrials,46.02,48.5,50.0,50.0,32.37,0,[],42.5,62.5,2.5,3.0,3.0,50.0,,,,,,21.0,63.38,50.0
NL,Netherlands,Information Technology,47.07,52.0,50.0,50.0,32.37,0,[],47.5,62.5,2.5,4.0,3.0,50.0,,,,,,21.0,63.38,50.0
NL,Netherlands,Materials,46.02,48.5,50.0,50.0,32.37,0,[],42.5,62.5,2.5,3.0,3.0,50.0,,,,,,21.0,63.38,50.0
NL,Netherlands,Real Estate,44.97,45.0,50.0,50.0,32.37,0,[],37.5,62.5,2.5,2.0,3.0,50.0,,,,,,21.0,63.38,50.0
NL,Netherlands,Utilities,44.97,45.0,50.0,50.0,32.37,0,[],37.5,62.5,2.5,2.0,3.0,50.0,,,,,,21.0,63.38,50.0
SA,Saudi Arabia,Communication Services,44.05,52.0,50.0,50.0,17.25,0,[],47.5,62.5,2.5,4.0,3.0,50.0,,,,,,12.0,29.14,50.0
SA,Saudi Arabia,Consumer Discretionary,43.53,50.25,50.0,50.0,17.25,0,[],45.0,62.5,2.5,3.0,3.0,50.0,,,,,,12.0,29.14,50.0
SA,Saudi Arabia,Consumer Staples,43.53,50.25,50.0,50.0,17.25,0,[],45.0,62.5,2.5,3.0,3.0,50.0,,,,,,12.0,29.14,50.0
SA,Saudi Arabia,Energy,43.0,48.5,50.0,50.0,17.25,0,[],42.5,62.5,2.5,3.0,3.0,50.0,,,,,,12.0,29.14,50.0
SA,Saudi Arabia,Financials,43.0,48.5,50.0,50.0,17.25,0,[],42.5,62.5,2.5,3.0,3.0,50.0,,,,,,12.0,29.14,50.0
SA,Saudi Arabia,Health Care,43.0,48.5,50.0,50.0,17.25,0,[],42.5,62.5,2.5,3.0,3.0,50.0,,,,,,12.0,29.14,50.0
SA,Saudi Arabia,Industrials,43.0,48.5,50.0,50.0,17.25,0,[],42.5,62.5,2.5,3.0,3.0,50.0,,,,,,12.0,29.14,50.0
SA,Saudi Arabia,Information Technology,44.05,52.0,50.0,50.0,17.25,0,[],47.5,62.5,2.5,4.0,3.0,50.0,,,,,,12.0,29.14,50.0
SA,Saudi Arabia,Materials,43.0,48.5,50.0,50.0,17.25,0,[],42.5,62.5,2.5,3.0,3.0,50.0,,,,,,12.0,29.14,50.0
SA,Saudi Arabia,Real Estate,41.95,45.0,50.0,50.0,17.25,0,[],37.5,62.5,2.5,2.0,3.0,50.0,,,,,,12.0,29.14,50.0
SA,Saudi Arabia,Utilities,41.95,45.0,50.0,50.0,17.25,0,[],37.5,62.5,2.5,2.0,3.0,50.0,,,,,,12.0,29.14,50.0
TR,Turkey,Communication Services,44.34,52.0,50.0,50.0,18.68,0,[],47.5,62.5,2.5,4.0,3.0,50.0,,,,,,65.0,12.56,50.0
TR,Turkey,Consumer Discretionary,43.81,50.25,50.0,50.0,18.68,0,[],45.0,62.5,2.5,3.0,3.0,50.0,,,,,,65.0,12.56,50.0
TR,Turkey,Consumer Staples,43.81,50.25,50.0,50.0,18.68,0,[],45.0,62.5,2.5,3.0,3.0,50.0,,,,,,65.0,12.56,50.0
TR,Turkey,Energy,43.29,48.5,50.0,50.0,18.68,0,[],42.5,62.5,2.5,3.0,3.0,50.0,,,,,,65.0,12.56,50.0
TR,Turkey,Financials,43.29,48.5,50.0,50.0,18.68,0,[],42.5,62.5,2.5,3.0,3.0,50.0,,,,,,65.0,12.56,50.0
TR,Turkey,Health Care,43.29,48.5,50.0,50.0,18.68,0,[],42.5,62.5,2.5,3.0,3.0,50.0,,,,,,65.0,12.56,50.0
TR,Turkey,Industrials,43.29,48.5,50.0,50.0,18.68,0,[],42.5,62.5,2.5,3.0,3.0,50.0,,,,,,65.0,12.56,50.0
TR,Turkey,Information Technology,44.34,52.0,50.0,50.0,18.68,0,[],47.5,62.5,2.5,4.0,3.0,50.0,,,,,,65.0,12.56,50.0
TR,Turkey,Materials,43.29,48.5,50.0,50.0,18.68,0,[],42.5,62.5,2.5,3.0,3.0,50.0,,,,,,65.0,12.56,50.0
TR,Turkey,Real Estate,42.24,45.0,50.0,50.0,18.68,0,[],37.5,62.5,2.5,2.0,3.0,50.0,,,,,,65.0,12.56,50.0
TR,Turkey,Utilities,42.24,45.0,50.0,50.0,18.68,0,[],37.5,62.5,2.5,2.0,3.0,50.0,,,,,,65.0,12.56,50.0
CH,Switzerland,Communication Services,50.13,52.0,50.0,50.0,47.63,0,[],47.5,62.5,2.5,4.0,3.0,50.0,,,,,,27.0,100.0,50.0
CH,Switzerland,Consumer Discretionary,49.6,50.25,50.0,50.0,47.63,0,[],45.0,62.5,2.5,3.0,3.0,50.0,,,,,,27.0,100.0,50.0
CH,Switzerland,Consumer Staples,49.6,50.25,50.0,50.0,47.63,0,[],45.0,62.5,2.5,3.0,3.0,50.0,,,,,,27.0,100.0,50.0
CH,Switzerland,Energy,49.08,48.5,50.0,50.0,47.63,0,[],42.5,62.5,2.5,3.0,3.0,50.0,,,,,,27.0,100.0,50.0
CH,Switzerland,Financials,49.08,48.5,50.0,50.0,47.63,0,[],42.5,62.5,2.5,3.0,3.0,50.0,,,,,,27.0,100.0,50.0
CH,Switzerland,Health Care,49.08,48.5,50.0,50.0,47.63,0,[],42.5,62.5,2.5,3.0,3.0,50.0,,,,,,27.0,100.0,50.0
CH,Switzerland,Industrials,49.08,48.5,50.0,50.0,47.63,0,[],42.5,62.5,2.5,3.0,3.0,50.0,,,,,,27.0,100.0,50.0
CH,Switzerland,Information Technology,50.13,52.0,50.0,50.0,47.63,0,[],47.5,62.5,2.5,4.0,3.0,50.0,,,,,,27.0,100.0,50.0
CH,Switzerland,Materials,49.08,48.5,50.0,50.0,47.63,0,[],42.5,62.5,2.5,3.0,3.0,50.0,,,,,,27.0,100.0,50.0
CH,Switzerland,Real Estate,48.03,45.0,50.0,50.0,47.63,0,[],37.5,62.5,2.5,2.0,3.0,50.0,,,,,,27.0,100.0,50.0
CH,Switzerland,Utilities,48.03,45.0,50.0,50.0,47.63,0,[],37.5,62.5,2.5,2.0,3.0,50.0,,,,,,27.0,100.0,50.0
PL,Poland,Communication Services,43.68,52.0,50.0,50.0,15.4,0,[],47.5,62.5,2.5,4.0,3.0,50.0,,,,,,22.0,21.53,50.0
PL,Poland,Consumer Discretionary,43.16,50.25,50.0,50.0,15.4,0,[],45.0,62.5,2.5,3.0,3.0,50.0,,,,,,22.0,21.53,50.0
PL,Poland,Consumer Staples,43.16,50.25,50.0,50.0,15.4,0,[],45.0,62.5,2.5,3.0,3.0,50.0,,,,,,22.0,21.53,50.0
PL,Poland,Energy,42.63,48.5,50.0,50.0,15.4,0,[],42.5,62.5,2.5,3.0,3.0,50.0,,,,,,22.0,21.53,50.0
PL,Poland,Financials,42.63,48.5,50.0,50.0,15.4,0,[],42.5,62.5,2.5,3.0,3.0,50.0,,,,,,22.0,21.53,50.0
PL,Poland,Health Care,42.63,48.5,50.0,50.0,15.4,0,[],42.5,62.5,2.5,3.0,3.0,50.0,,,,,,22.0,21.53,50.0
PL,Poland,Industrials,42.63,48.5,50.0,50.0,15.4,0,[],42.5,62.5,2.5,3.0,3.0,50.0,,,,,,22.0,21.53,50.0
PL,Poland,Information Technology,43.68,52.0,50.0,50.0,15.4,0,[],47.5,62.5,2.5,4.0,3.0,50.0,,,,,,22.0,21.53,50.0
PL,Poland,Materials,42.63,48.5,50.0,50.0,15.4,0,[],42.5,62.5,2.5,3.0,3.0,50.0,,,,,,22.0,21.53,50.0
PL,Poland,Real Estate,41.58,45.0,50.0,50.0,15.4,0,[],37.5,62.5,2.5,2.0,3.0,50.0,,,,,,22.0,21.53,50.0
PL,Poland,Utilities,41.58,45.0,50.0,50.0,15.4,0,[],37.5,62.5,2.5,2.0,3.0,50.0,,,,,,22.0,21.53,50.0
TW,Taiwan,Communication Services,44.9,52.0,50.0,50.0,21.51,0,[],47.5,62.5,2.5,4.0,3.0,50.0,,,,,,34.0,32.46,50.0
TW,Taiwan,Consumer Discretionary,44.38,50.25,50.0,50.0,21.51,0,[],45.0,62.5,2.5,3.0,3.0,50.0,,,,,,34.0,32.46,50.0
TW,Taiwan,Consumer Staples,44.38,50.25,50.0,50.0,21.51,0,[],45.0,62.5,2.5,3.0,3.0,50.0,,,,,,34.0,32.46,50.0
TW,Taiwan,Energy,43.85,48.5,50.0,50.0,21.51,0,[],42.5,62.5,2.5,3.0,3.0,50.0,,,,,,34.0,32.46,50.0
TW,Taiwan,Financials,43.85,48.5,50.0,50.0,21.51,0,[],42.5,62.5,2.5,3.0,3.0,50.0,,,,,,34.0,32.46,50.0
TW,Taiwan,Health Care,43.85,48.5,50.0,50.0,21.51,0,[],42.5,62.5,2.5,3.0,3.0,50.0,,,,,,34.0,32.46,50.0
TW,Taiwan,Industrials,43.85,48.5,50.0,50.0,21.51,0,[],42.5,62.5,2.5,3.0,3.0,50.0,,,,,,34.0,32.46,50.0
TW,Taiwan,Information Technology,44.9,52.0,50.0,50.0,21.51,0,[],47.5,62.5,2.5,4.0,3.0,50.0,,,,,,34.0,32.46,50.0
TW,Taiwan,Materials,43.85,48.5,50.0,50.0,21.51,0,[],42.5,62.5,2.5,3.0,3.0,50.0,,,,,,34.0,32.46,50.0
TW,Taiwan,Real Estate,42.8,45.0,50.0,50.0,21.51,0,[],37.5,62.5,2.5,2.0,3.0,50.0,,,,,,34.0,32.46,50.0
TW,Taiwan,Utilities,42.8,45.0,50.0,50.0,21.51,0,[],37.5,62.5,2.5,2.0,3.0,50.0,,,,,,34.0,32.46,50.0
BE,Belgium,Communication Services,46.57,52.0,50.0,50.0,29.87,0,[],47.5,62.5,2.5,4.0,3.0,50.0,,,,,,34.0,53.89,50.0
BE,Belgium,Consumer Discretionary,46.05,50.25,50.0,50.0,29.87,0,[],45.0,62.5,2.5,3.0,3.0,50.0,,,,,,34.0,53.89,50.0
BE,Belgium,Consumer Staples,46.05,50.25,50.0,50.0,29.87,0,[],45.0,62.5,2.5,3.0,3.0,50.0,,,,,,34.0,53.89,50.0
BE,Belgium,Energy,45.52,48.5,50.0,50.0,29.87,0,[],42.5,62.5,2.5,3.0,3.0,50.0,,,,,,34.0,53.89,50.0
BE,Belgium,Financials,45.52,48.5,50.0,50.0,29.87,0,[],42.5,62.5,2.5,3.0,3.0,50.0,,,,,,34.0,53.89,50.0
BE,Belgium,Health Care,45.52,48.5,50.0,50.0,29.87,0,[],42.5,62.5,2.5,3.0,3.0,50.0,,,,,,34.0,53.89,50.0
BE,Belgium,Industrials,45.52,48.5,50.0,50.0,29.87,0,[],42.5,62.5,2.5,3.0,3.0,50.0,,,,,,34.0,53.89,50.0
BE,Belgium,Information Technology,46.57,52.0,50.0,50.0,29.87,0,[],47.5,62.5,2.5,4.0,3.0,50.0,,,,,,34.0,53.89,50.0
BE,Belgium,Materials,45.52,48.5,50.0,50.0,29.87,0,[],42.5,62.5,2.5,3.0,3.0,50.0,,,,,,34.0,53.89,50.0
BE,Belgium,Real Estate,44.47,45.0,50.0,50.0,29.87,0,[],37.5,62.5,2.5,2.0,3.0,50.0,,,,,,34.0,53.89,50.0
BE,Belgium,Utilities,44.47,45.0,50.0,50.0,29.87,0,[],37.5,62.5,2.5,2.0,3.0,50.0,,,,,,34.0,53.89,50.0
AR,Argentina,Communication Services,42.39,52.0,50.0,50.0,8.96,0,[],47.5,62.5,2.5,4.0,3.0,50.0,,,,,,4.0,12.84,50.0
AR,Argentina,Consumer Discretionary,41.87,50.25,50.0,50.0,8.96,0,[],45.0,62.5,2.5,3.0,3.0,50.0,,,,,,4.0,12.84,50.0
AR,Argentina,Consumer Staples,41.87,50.25,50.0,50.0,8.96,0,[],45.0,62.5,2.5,3.0,3.0,50.0,,,,,,4.0,12.84,50.0
AR,Argentina,Energy,41.34,48.5,50.0,50.0,8.96,0,[],42.5,62.5,2.5,3.0,3.0,50.0,,,,,,4.0,12.84,50.0
AR,Argentina,Financials,41.34,48.5,50.0,50.0,8.96,0,[],42.5,62.5,2.5,3.0,3.0,50.0,,,,,,4.0,12.84,50.0
AR,Argentina,Health Care,41.34,48.5,50.0,50.0,8.96,0,[],42.5,62.5,2.5,3.0,3.0,50.0,,,,,,4.0,12.84,50.0
AR,Argentina,Industrials,41.34,48.5,50.0,50.0,8.96,0,[],42.5,62.5,2.5,3.0,3.0,50.0,,,,,,4.0,12.84,50.0
AR,Argentina,Information Technology,42.39,52.0,50.0,50.0,8.96,0,[],47.5,62.5,2.5,4.0,3.0,50.0,,,,,,4.0,12.84,50.0
AR,Argentina,Materials,41.34,48.5,50.0,50.0,8.96,0,[],42.5,62.5,2.5,3.0,3.0,50.0,,,,,,4.0,12.84,50.0
AR,Argentina,Real Estate,40.29,45.0,50.0,50.0,8.96,0,[],37.5,62.5,2.5,2.0,3.0,50.0,,,,,,4.0,12.84,50.0
AR,Argentina,Utilities,40.29,45.0,50.0,50.0,8.96,0,[],37.5,62.5,2.5,2.0,3.0,50.0,,,,,,4.0,12.84,50.0
SE,Sweden,Communication Services,46.26,52.0,50.0,50.0,28.28,0,[],47.5,62.5,2.5,4.0,3.0,50.0,,,,,,18.0,56.05,50.0
SE,Sweden,Consumer Discretionary,45.73,50.25,50.0,50.0,28.28,0,[],45.0,62.5,2.5,3.0,3.0,50.0,,,,,,18.0,56.05,50.0
SE,Sweden,Consumer Staples,45.73,50.25,50.0,50.0,28.28,0,[],45.0,62.5,2.5,3.0,3.0,50.0,,,,,,18.0,56.05,50.0
SE,Sweden,Energy,45.21,48.5,50.0,50.0,28.28,0,[],42.5,62.5,2.5,3.0,3.0,50.0,,,,,,18.0,56.05,50.0
SE,Sweden,Financials,45.21,48.5,50.0,50.0,28.28,0,[],42.5,62.5,2.5,3.0,3.0,50.0,,,,,,18.0,56.05,50.0
SE,Sweden,Health Care,45.21,48.5,50.0,50.0,28.28,0,[],42.5,62.5,2.5,3.0,3.0,50.0,,,,,,18.0,56.05,50.0
SE,Sweden,Industrials,45.21,48.5,50.0,50.0,28.28,0,[],42.5,62.5,2.5,3.0,3.0,50.0,,,,,,18.0,56.05,50.0
SE,Sweden,Information Technology,46.26,52.0,50.0,50.0,28.28,0,[],47.5,62.5,2.5,4.0,3.0,50.0,,,,,,18.0,56.05,50.0
SE,Sweden,Materials,45.21,48.5,50.0,50.0,28.28,0,[],42.5,62.5,2.5,3.0,3.0,50.0,,,,,,18.0,56.05,50.0
SE,Sweden,Real Estate,44.16,45.0,50.0,50.0,28.28,0,[],37.5,62.5,2.5,2.0,3.0,50.0,,,,,,18.0,56.05,50.0
SE,Sweden,Utilities,44.16,45.0,50.0,50.0,28.28,0,[],37.5,62.5,2.5,2.0,3.0,50.0,,,,,,18.0,56.05,50.0
IE,Ireland,Communication Services,50.09,52.0,50.0,50.0,47.45,0,[],47.5,62.5,2.5,4.0,3.0,50.0,,,,,,29.0,100.0,50.0
IE,Ireland,Consumer Discretionary,49.57,50.25,50.0,50.0,47.45,0,[],45.0,62.5,2.5,3.0,3.0,50.0,,,,,,29.0,100.0,50.0
IE,Ireland,Consumer Staples,49.57,50.25,50.0,50.0,47.45,0,[],45.0,62.5,2.5,3.0,3.0,50.0,,,,,,29.0,100.0,50.0
IE,Ireland,Energy,49.04,48.5,50.0,50.0,47.45,0,[],42.5,62.5,2.5,3.0,3.0,50.0,,,,,,29.0,100.0,50.0
IE,Ireland,Financials,49.04,48.5,50.0,50.0,47.45,0,[],42.5,62.5,2.5,3.0,3.0,50.0,,,,,,29.0,100.0,50.0
IE,Ireland,Health Care,49.04,48.5,50.0,50.0,47.45,0,[],42.5,62.5,2.5,3.0,3.0,50.0,,,,,,29.0,100.0,50.0
IE,Ireland,Industrials,49.04,48.5,50.0,50.0,47.45,0,[],42.5,62.5,2.5,3.0,3.0,50.0,,,,,,29.0,100.0,50.0
IE,Ireland,Information Technology,50.09,52.0,50.0,50.0,47.45,0,[],47.5,62.5,2.5,4.0,3.0,50.0,,,,,,29.0,100.0,50.0
IE,Ireland,Materials,49.04,48.5,50.0,50.0,47.45,0,[],42.5,62.5,2.5,3.0,3.0,50.0,,,,,,29.0,100.0,50.0
IE,Ireland,Real Estate,47.99,45.0,50.0,50.0,47.45,0,[],37.5,62.5,2.5,2.0,3.0,50.0,,,,,,29.0,100.0,50.0
IE,Ireland,Utilities,47.99,45.0,50.0,50.0,47.45,0,[],37.5,62.5,2.5,2.0,3.0,50.0,,,,,,29.0,100.0,50.0
AT,Austria,Communication Services,46.15,52.0,50.0,50.0,27.75,0,[],47.5,62.5,2.5,4.0,3.0,50.0,,,,,,13.0,56.87,50.0
AT,Austria,Consumer Discretionary,45.62,50.25,50.0,50.0,27.75,0,[],45.0,62.5,2.5,3.0,3.0,50.0,,,,,,13.0,56.87,50.0
AT,Austria,Consumer Staples,45.62,50.25,50.0,50.0,27.75,0,[],45.0,62.5,2.5,3.0,3.0,50.0,,,,,,13.0,56.87,50.0
AT,Austria,Energy,45.1,48.5,50.0,50.0,27.75,0,[],42.5,62.5,2.5,3.0,3.0,50.0,,,,,,13.0,56.87,50.0
AT,Austria,Financials,45.1,48.5,50.0,50.0,27.75,0,[],42.5,62.5,2.5,3.0,3.0,50.0,,,,,,13.0,56.87,50.0
AT,Austria,Health Care,45.1,48.5,50.0,50.0,27.75,0,[],42.5,62.5,2.5,3.0,3.0,50.0,,,,,,13.0,56.87,50.0
AT,Austria,Industrials,45.1,48.5,50.0,50.0,27.75,0,[],42.5,62.5,2.5,3.0,3.0,50.0,,,,,,13.0,56.87,50.0
AT,Austria,Information Technology,46.15,52.0,50.0,50.0,27.75,0,[],47.5,62.5,2.5,4.0,3.0,50.0,,,,,,13.0,56.87,50.0
AT,Austria,Materials,45.1,48.5,50.0,50.0,27.75,0,[],42.5,62.5,2.5,3.0,3.0,50.0,,,,,,13.0,56.87,50.0
AT,Austria,Real Estate,44.05,45.0,50.0,50.0,27.75,0,[],37.5,62.5,2.5,2.0,3.0,50.0,,,,,,13.0,56.87,50.0
AT,Austria,Utilities,44.05,45.0,50.0,50.0,27.75,0,[],37.5,62.5,2.5,2.0,3.0,50.0,,,,,,13.0,56.87,50.0
TH,Thailand,Communication Services,43.07,52.0,50.0,50.0,12.35,0,[],47.5,62.5,2.5,4.0,3.0,50.0,,,,,,45.0,6.37,50.0
TH,Thailand,Consumer Discretionary,42.54,50.25,50.0,50.0,12.35,0,[],45.0,62.5,2.5,3.0,3.0,50.0,,,,,,45.0,6.37,50.0
TH,Thailand,Consumer Staples,42.54,50.25,50.0,50.0,12.35,0,[],45.0,62.5,2.5,3.0,3.0,50.0,,,,,,45.0,6.37,50.0
TH,Thailand,Energy,42.02,48.5,50.0,50.0,12.35,0,[],42.5,62.5,2.5,3.0,3.0,50.0,,,,,,45.0,6.37,50.0
TH,Thailand,Financials,42.02,48.5,50.0,50.0,12.35,0,[],42.5,62.5,2.5,3.0,3.0,50.0,,,,,,45.0,6.37,50.0
TH,Thailand,Health Care,42.02,48.5,50.0,50.0,12.35,0,[],42.5,62.5,2.5,3.0,3.0,50.0,,,,,,45.0,6.37,50.0
TH,Thailand,Industrials,42.02,48.5,50.0,50.0,12.35,0,[],42.5,62.5,2.5,3.0,3.0,50.0,,,,,,45.0,6.37,50.0
TH,Thailand,Information Technology,43.07,52.0,50.0,50.0,12.35,0,[],47.5,62.5,2.5,4.0,3.0,50.0,,,,,,45.0,6.37,50.0
TH,Thailand,Materials,42.02,48.5,50.0,50.0,12.35,0,[],42.5,62.5,2.5,3.0,3.0,50.0,,,,,,45.0,6.37,50.0
TH,Thailand,Real Estate,40.97,45.0,50.0,50.0,12.35,0,[],37.5,62.5,2.5,2.0,3.0,50.0,,,,,,45.0,6.37,50.0
TH,Thailand,Utilities,40.97,45.0,50.0,50.0,12.35,0,[],37.5,62.5,2.5,2.0,3.0,50.0,,,,,,45.0,6.37,50.0
SG,Singapore,Communication Services,49.16,52.0,50.0,50.0,42.81,0,[],47.5,62.5,2.5,4.0,3.0,50.0,,,,,,31.0,87.77,50.0
SG,Singapore,Consumer Discretionary,48.64,50.25,50.0,50.0,42.81,0,[],45.0,62.5,2.5,3.0,3.0,50.0,,,,,,31.0,87.77,50.0
SG,Singapore,Consumer Staples,48.64,50.25,50.0,50.0,42.81,0,[],45.0,62.5,2.5,3.0,3.0,50.0,,,,,,31.0,87.77,50.0
SG,Singapore,Energy,48.11,48.5,50.0,50.0,42.81,0,[],42.5,62.5,2.5,3.0,3.0,50.0,,,,,,31.0,87.77,50.0
SG,Singapore,Financials,48.11,48.5,50.0,50.0,42.81,0,[],42.5,62.5,2.5,3.0,3.0,50.0,,,,,,31.0,87.77,50.0
SG,Singapore,Health Care,48.11,48.5,50.0,50.0,42.81,0,[],42.5,62.5,2.5,3.0,3.0,50.0,,,,,,31.0,87.77,50.0
SG,Singapore,Industrials,48.11,48.5,50.0,50.0,42.81,0,[],42.5,62.5,2.5,3.0,3.0,50.0,,,,,,31.0,87.77,50.0
SG,Singapore,Information Technology,49.16,52.0,50.0,50.0,42.81,0,[],47.5,62.5,2.5,4.0,3.0,50.0,,,,,,31.0,87.77,50.0
SG,Singapore,Materials,48.11,48.5,50.0,50.0,42.81,0,[],42.5,62.5,2.5,3.0,3.0,50.0,,,,,,31.0,87.77,50.0
SG,Singapore,Real Estate,47.06,45.0,50.0,50.0,42.81,0,[],37.5,62.5,2.5,2.0,3.0,50.0,,,,,,31.0,87.77,50.0
SG,Singapore,Utilities,47.06,45.0,50.0,50.0,42.81,0,[],37.5,62.5,2.5,2.0,3.0,50.0,,,,,,31.0,87.77,50.0
IL,Israel,Communication Services,46.82,52.0,50.0,50.0,31.1,0,[],47.5,62.5,2.5,4.0,3.0,50.0,,,,,,40.0,55.09,50.0
IL,Israel,Consumer Discretionary,46.3,50.25,50.0,50.0,31.1,0,[],45.0,62.5,2.5,3.0,3.0,50.0,,,,,,40.0,55.09,50.0
IL,Israel,Consumer Staples,46.3,50.25,50.0,50.0,31.1,0,[],45.0,62.5,2.5,3.0,3.0,50.0,,,,,,40.0,55.09,50.0
IL,Israel,Energy,45.77,48.5,50.0,50.0,31.1,0,[],42.5,62.5,2.5,3.0,3.0,50.0,,,,,,40.0,55.09,50.0
IL,Israel,Financials,45.77,48.5,50.0,50.0,31.1,0,[],42.5,62.5,2.5,3.0,3.0,50.0,,,,,,40.0,55.09,50.0
IL,Israel,Health Care,45.77,48.5,50.0,50.0,31.1,0,[],42.5,62.5,2.5,3.0,3.0,50.0,,,,,,40.0,55.09,50.0
IL,Israel,Industrials,45.77,48.5,50.0,50.0,31.1,0,[],42.5,62.5,2.5,3.0,3.0,50.0,,,,,,40.0,55.09,50.0
IL,Israel,Information Technology,46.82,52.0,50.0,50.0,31.1,0,[],47.5,62.5,2.5,4.0,3.0,50.0,,,,,,40.0,55.09,50.0
IL,Israel,Materials,45.77,48.5,50.0,50.0,31.1,0,[],42.5,62.5,2.5,3.0,3.0,50.0,,,,,,40.0,55.09,50.0
IL,Israel,Real Estate,44.72,45.0,50.0,50.0,31.1,0,[],37.5,62.5,2.5,2.0,3.0,50.0,,,,,,40.0,55.09,50.0
IL,Israel,Utilities,44.72,45.0,50.0,50.0,31.1,0,[],37.5,62.5,2.5,2.0,3.0,50.0,,,,,,40.0,55.09,50.0
NO,Norway,Communication Services,49.04,52.0,50.0,50.0,42.22,0,[],47.5,62.5,2.5,4.0,3.0,50.0,,,,,,25.0,88.64,50.0
NO,Norway,Consumer Discretionary,48.52,50.25,50.0,50.0,42.22,0,[],45.0,62.5,2.5,3.0,3.0,50.0,,,,,,25.0,88.64,50.0
NO,Norway,Consumer Staples,48.52,50.25,50.0,50.0,42.22,0,[],45.0,62.5,2.5,3.0,3.0,50.0,,,,,,25.0,88.64,50.0
NO,Norway,Energy,47.99,48.5,50.0,50.0,42.22,0,[],42.5,62.5,2.5,3.0,3.0,50.0,,,,,,25.0,88.64,50.0
NO,Norway,Financials,47.99,48.5,50.0,50.0,42.22,0,[],42.5,62.5,2.5,3.0,3.0,50.0,,,,,,25.0,88.64,50.0
NO,Norway,Health Care,47.99,48.5,50.0,50.0,42.22,0,[],42.5,62.5,2.5,3.0,3.0,50.0,,,,,,25.0,88.64,50.0
NO,Norway,Industrials,47.99,48.5,50.0,50.0,42.22,0,[],42.5,62.5,2.5,3.0,3.0,50.0,,,,,,25.0,88.64,50.0
NO,Norway,Information Technology,49.04,52.0,50.0,50.0,42.22,0,[],47.5,62.5,2.5,4.0,3.0,50.0,,,,,,25.0,88.64,50.0
NO,Norway,Materials,47.99,48.5,50.0,50.0,42.22,0,[],42.5,62.5,2.5,3.0,3.0,50.0,,,,,,25.0,88.64,50.0
NO,Norway,Real Estate,46.94,45.0,50.0,50.0,42.22,0,[],37.5,62.5,2.5,2.0,3.0,50.0,,,,,,25.0,88.64,50.0
NO,Norway,Utilities,46.94,45.0,50.0,50.0,42.22,0,[],37.5,62.5,2.5,2.0,3.0,50.0,,,,,,25.0,88.64,50.0
AE,UAE,Communication Services,46.8,52.0,50.0,50.0,31.02,0,[],47.5,62.5,2.5,4.0,3.0,50.0,,,,,,56.0,48.94,50.0
AE,UAE,Consumer Discretionary,46.28,50.25,50.0,50.0,31.02,0,[],45.0,62.5,2.5,3.0,3.0,50.0,,,,,,56.0,48.94,50.0
AE,UAE,Consumer Staples,46.28,50.25,50.0,50.0,31.02,0,[],45.0,62.5,2.5,3.0,3.0,50.0,,,,,,56.0,48.94,50.0
AE,UAE,Energy,45.75,48.5,50.0,50.0,31.02,0,[],42.5,62.5,2.5,3.0,3.0,50.0,,,,,,56.0,48.94,50.0
AE,UAE,Financials,45.75,48.5,50.0,50.0,31.02,0,[],42.5,62.5,2.5,3.0,3.0,50.0,,,,,,56.0,48.94,50.0
AE,UAE,Health Care,45.75,48.5,50.0,50.0,31.02,0,[],42.5,62.5,2.5,3.0,3.0,50.0,,,,,,56.0,48.94,50.0
AE,UAE,Industrials,45.75,48.5,50.0,50.0,31.02,0,[],42.5,62.5,2.5,3.0,3.0,50.0,,,,,,56.0,48.94,50.0
AE,UAE,Information Technology,46.8,52.0,50.0,50.0,31.02,0,[],47.5,62.5,2.5,4.0,3.0,50.0,,,,,,56.0,48.94,50.0
AE,UAE,Materials,45.75,48.5,50.0,50.0,31.02,0,[],42.5,62.5,2.5,3.0,3.0,50.0,,,,,,56.0,48.94,50.0
AE,UAE,Real Estate,44.7,45.0,50.0,50.0,31.02,0,[],37.5,62.5,2.5,2.0,3.0,50.0,,,,,,56.0,48.94,50.0
AE,UAE,Utilities,44.7,45.0,50.0,50.0,31.02,0,[],37.5,62.5,2.5,2.0,3.0,50.0,,,,,,56.0,48.94,50.0
PH,Philippines,Communication Services,43.7,52.0,50.0,50.0,15.52,0,[],47.5,62.5,2.5,4.0,3.0,50.0,,,,,,75.0,3.16,50.0
PH,Philippines,Consumer Discretionary,43.18,50.25,50.0,50.0,15.52,0,[],45.0,62.5,2.5,3.0,3.0,50.0,,,,,,75.0,3.16,50.0
PH,Philippines,Consumer Staples,43.18,50.25,50.0,50.0,15.52,0,[],45.0,62.5,2.5,3.0,3.0,50.0,,,,,,75.0,3.16,50.0
PH,Philippines,Energy,42.65,48.5,50.0,50.0,15.52,0,[],42.5,62.5,2.5,3.0,3.0,50.0,,,,,,75.0,3.16,50.0
PH,Philippines,Financials,42.65,48.5,50.0,50.0,15.52,0,[],42.5,62.5,2.5,3.0,3.0,50.0,,,,,,75.0,3.16,50.0
PH,Philippines,Health Care,42.65,48.5,50.0,50.0,15.52,0,[],42.5,62.5,2.5,3.0,3.0,50.0,,,,,,75.0,3.16,50.0
PH,Philippines,Industrials,42.65,48.5,50.0,50.0,15.52,0,[],42.5,62.5,2.5,3.0,3.0,50.0,,,,,,75.0,3.16,50.0
PH,Philippines,Information Technology,43.7,52.0,50.0,50.0,15.52,0,[],47.5,62.5,2.5,4.0,3.0,50.0,,,,,,75.0,3.16,50.0
PH,Philippines,Materials,42.65,48.5,50.0,50.0,15.52,0,[],42.5,62.5,2.5,3.0,3.0,50.0,,,,,,75.0,3.16,50.0
PH,Philippines,Real Estate,41.6,45.0,50.0,50.0,15.52,0,[],37.5,62.5,2.5,2.0,3.0,50.0,,,,,,75.0,3.16,50.0
PH,Philippines,Utilities,41.6,45.0,50.0,50.0,15.52,0,[],37.5,62.5,2.5,2.0,3.0,50.0,,,,,,75.0,3.16,50.0
MY,Malaysia,Communication Services,43.89,52.0,50.0,50.0,16.46,0,[],47.5,62.5,2.5,4.0,3.0,50.0,,,,,,57.0,12.35,50.0
MY,Malaysia,Consumer Discretionary,43.37,50.25,50.0,50.0,16.46,0,[],45.0,62.5,2.5,3.0,3.0,50.0,,,,,,57.0,12.35,50.0
MY,Malaysia,Consumer Staples,43.37,50.25,50.0,50.0,16.46,0,[],45.0,62.5,2.5,3.0,3.0,50.0,,,,,,57.0,12.35,50.0
MY,Malaysia,Energy,42.84,48.5,50.0,50.0,16.46,0,[],42.5,62.5,2.5,3.0,3.0,50.0,,,,,,57.0,12.35,50.0
MY,Malaysia,Financials,42.84,48.5,50.0,50.0,16.46,0,[],42.5,62.5,2.5,3.0,3.0,50.0,,,,,,57.0,12.35,50.0
MY,Malaysia,Health Care,42.84,48.5,50.0,50.0,16.46,0,[],42.5,62.5,2.5,3.0,3.0,50.0,,,,,,57.0,12.35,50.0
MY,Malaysia,Industrials,42.84,48.5,50.0,50.0,16.46,0,[],42.5,62.5,2.5,3.0,3.0,50.0,,,,,,57.0,12.35,50.0
MY,Malaysia,Information Technology,43.89,52.0,50.0,50.0,16.46,0,[],47.5,62.5,2.5,4.0,3.0,50.0,,,,,,57.0,12.35,50.0
MY,Malaysia,Materials,42.84,48.5,50.0,50.0,16.46,0,[],42.5,62.5,2.5,3.0,3.0,50.0,,,,,,57.0,12.35,50.0
MY,Malaysia,Real Estate,41.79,45.0,50.0,50.0,16.46,0,[],37.5,62.5,2.5,2.0,3.0,50.0,,,,,,57.0,12.35,50.0
MY,Malaysia,Utilities,41.79,45.0,50.0,50.0,16.46,0,[],37.5,62.5,2.5,2.0,3.0,50.0,,,,,,57.0,12.35,50.0
BD,Bangladesh,Communication Services,43.73,52.0,50.0,50.0,15.65,0,[],47.5,62.5,2.5,4.0,3.0,50.0,,,,,,80.0,1.69,50.0
BD,Bangladesh,Consumer Discretionary,43.21,50.25,50.0,50.0,15.65,0,[],45.0,62.5,2.5,3.0,3.0,50.0,,,,,,80.0,1.69,50.0
BD,Bangladesh,Consumer Staples,43.21,50.25,50.0,50.0,15.65,0,[],45.0,62.5,2.5,3.0,3.0,50.0,,,,,,80.0,1.69,50.0
BD,Bangladesh,Energy,42.68,48.5,50.0,50.0,15.65,0,[],42.5,62.5,2.5,3.0,3.0,50.0,,,,,,80.0,1.69,50.0
BD,Bangladesh,Financials,42.68,48.5,50.0,50.0,15.65,0,[],42.5,62.5,2.5,3.0,3.0,50.0,,,,,,80.0,1.69,50.0
BD,Bangladesh,Health Care,42.68,48.5,50.0,50.0,15.65,0,[],42.5,62.5,2.5,3.0,3.0,50.0,,,,,,80.0,1.69,50.0
BD,Bangladesh,Industrials,42.68,48.5,50.0,50.0,15.65,0,[],42.5,62.5,2.5,3.0,3.0,50.0,,,,,,80.0,1.69,50.0
BD,Bangladesh,Information Technology,43.73,52.0,50.0,50.0,15.65,0,[],47.5,62.5,2.5,4.0,3.0,50.0,,,,,,80.0,1.69,50.0
BD,Bangladesh,Materials,42.68,48.5,50.0,50.0,15.65,0,[],42.5,62.5,2.5,3.0,3.0,50.0,,,,,,80.0,1.69,50.0
BD,Bangladesh,Real Estate,41.63,45.0,50.0,50.0,15.65,0,[],37.5,62.5,2.5,2.0,3.0,50.0,,,,,,80.0,1.69,50.0
BD,Bangladesh,Utilities,41.63,45.0,50.0,50.0,15.65,0,[],37.5,62.5,2.5,2.0,3.0,50.0,,,,,,80.0,1.69,50.0
VN,Vietnam,Communication Services,43.56,52.0,50.0,50.0,14.8,0,[],47.5,62.5,2.5,4.0,3.0,50.0,,,,,,70.0,3.38,50.0
VN,Vietnam,Consumer Discretionary,43.04,50.25,50.0,50.0,14.8,0,[],45.0,62.5,2.5,3.0,3.0,50.0,,,,,,70.0,3.38,50.0
VN,Vietnam,Consumer Staples,43.04,50.25,50.0,50.0,14.8,0,[],45.0,62.5,2.5,3.0,3.0,50.0,,,,,,70.0,3.38,50.0
VN,Vietnam,Energy,42.51,48.5,50.0,50.0,14.8,0,[],42.5,62.5,2.5,3.0,3.0,50.0,,,,,,70.0,3.38,50.0
VN,Vietnam,Financials,42.51,48.5,50.0,50.0,14.8,0,[],42.5,62.5,2.5,3.0,3.0,50.0,,,,,,70.0,3.38,50.0
VN,Vietnam,Health Care,42.51,48.5,50.0,50.0,14.8,0,[],42.5,62.5,2.5,3.0,3.0,50.0,,,,,,70.0,3.38,50.0
VN,Vietnam,Industrials,42.51,48.5,50.0,50.0,14.8,0,[],42.5,62.5,2.5,3.0,3.0,50.0,,,,,,70.0,3.38,50.0
VN,Vietnam,Information Technology,43.56,52.0,50.0,50.0,14.8,0,[],47.5,62.5,2.5,4.0,3.0,50.0,,,,,,70.0,3.38,50.0
VN,Vietnam,Materials,42.51,48.5,50.0,50.0,14.8,0,[],42.5,62.5,2.5,3.0,3.0,50.0,,,,,,70.0,3.38,50.0
VN,Vietnam,Real Estate,41.46,45.0,50.0,50.0,14.8,0,[],37.5,62.5,2.5,2.0,3.0,50.0,,,,,,70.0,3.38,50.0
VN,Vietnam,Utilities,41.46,45.0,50.0,50.0,14.8,0,[],37.5,62.5,2.5,2.0,3.0,50.0,,,,,,70.0,3.38,50.0
DK,Denmark,Communication Services,47.8,52.0,50.0,50.0,36.01,0,[],47.5,62.5,2.5,4.0,3.0,50.0,,,,,,38.0,68.52,50.0
DK,Denmark,Consumer Discretionary,47.28,50.25,50.0,50.0,36.01,0,[],45.0,62.5,2.5,3.0,3.0,50.0,,,,,,38.0,68.52,50.0
DK,Denmark,Consumer Staples,47.28,50.25,50.0,50.0,36.01,0,[],45.0,62.5,2.5,3.0,3.0,50.0,,,,,,38.0,68.52,50.0
DK,Denmark,Energy,46.75,48.5,50.0,50.0,36.01,0,[],42.5,62.5,2.5,3.0,3.0,50.0,,,,,,38.0,68.52,50.0
DK,Denmark,Financials,46.75,48.5,50.0,50.0,36.01,0,[],42.5,62.5,2.5,3.0,3.0,50.0,,,,,,38.0,68.52,50.0
DK,Denmark,Health Care,46.75,48.5,50.0,50.0,36.01,0,[],42.5,62.5,2.5,3.0,3.0,50.0,,,,,,38.0,68.52,50.0
DK,Denmark,Industrials,46.75,48.5,50.0,50.0,36.01,0,[],42.5,62.5,2.5,3.0,3.0,50.0,,,,,,38.0,68.52,50.0
DK,Denmark,Information Technology,47.8,52.0,50.0,50.0,36.01,0,[],47.5,62.5,2.5,4.0,3.0,50.0,,,,,,38.0,68.52,50.0
DK,Denmark,Materials,46.75,48.5,50.0,50.0,36.01,0,[],42.5,62.5,2.5,3.0,3.0,50.0,,,,,,38.0,68.52,50.0
DK,Denmark,Real Estate,45.7,45.0,50.0,50.0,36.01,0,[],37.5,62.5,2.5,2.0,3.0,50.0,,,,,,38.0,68.52,50.0
DK,Denmark,Utilities,45.7,45.0,50.0,50.0,36.01,0,[],37.5,62.5,2.5,2.0,3.0,50.0,,,,,,38.0,68.52,50.0
CL,Chile,Communication Services,43.15,52.0,50.0,50.0,12.73,0,[],47.5,62.5,2.5,4.0,3.0,50.0,,,,,,22.0,16.51,50.0
CL,Chile,Consumer Discretionary,42.62,50.25,50.0,50.0,12.73,0,[],45.0,62.5,2.5,3.0,3.0,50.0,,,,,,22.0,16.51,50.0
CL,Chile,Consumer Staples,42.62,50.25,50.0,50.0,12.73,0,[],45.0,62.5,2.5,3.0,3.0,50.0,,,,,,22.0,16.51,50.0
CL,Chile,Energy,42.1,48.5,50.0,50.0,12.73,0,[],42.5,62.5,2.5,3.0,3.0,50.0,,,,,,22.0,16.51,50.0
CL,Chile,Financials,42.1,48.5,50.0,50.0,12.73,0,[],42.5,62.5,2.5,3.0,3.0,50.0,,,,,,22.0,16.51,50.0
CL,Chile,Health Care,42.1,48.5,50.0,50.0,12.73,0,[],42.5,62.5,2.5,3.0,3.0,50.0,,,,,,22.0,16.51,50.0
CL,Chile,Industrials,42.1,48.5,50.0,50.0,12.73,0,[],42.5,62.5,2.5,3.0,3.0,50.0,,,,,,22.0,16.51,50.0
CL,Chile,Information Technology,43.15,52.0,50.0,50.0,12.73,0,[],47.5,62.5,2.5,4.0,3.0,50.0,,,,,,22.0,16.51,50.0
CL,Chile,Materials,42.1,48.5,50.0,50.0,12.73,0,[],42.5,62.5,2.5,3.0,3.0,50.0,,,,,,22.0,16.51,50.0
CL,Chile,Real Estate,41.05,45.0,50.0,50.0,12.73,0,[],37.5,62.5,2.5,2.0,3.0,50.0,,,,,,22.0,16.51,50.0
CL,Chile,Utilities,41.05,45.0,50.0,50.0,12.73,0,[],37.5,62.5,2.5,2.0,3.0,50.0,,,,,,22.0,16.51,50.0
CO,Colombia,Communication Services,42.44,52.0,50.0,50.0,9.2,0,[],47.5,62.5,2.5,4.0,3.0,50.0,,,,,,26.0,6.11,50.0
CO,Colombia,Consumer Discretionary,41.92,50.25,50.0,50.0,9.2,0,[],45.0,62.5,2.5,3.0,3.0,50.0,,,,,,26.0,6.11,50.0
CO,Colombia,Consumer Staples,41.92,50.25,50.0,50.0,9.2,0,[],45.0,62.5,2.5,3.0,3.0,50.0,,,,,,26.0,6.11,50.0
CO,Colombia,Energy,41.39,48.5,50.0,50.0,9.2,0,[],42.5,62.5,2.5,3.0,3.0,50.0,,,,,,26.0,6.11,50.0
CO,Colombia,Financials,41.39,48.5,50.0,50.0,9.2,0,[],42.5,62.5,2.5,3.0,3.0,50.0,,,,,,26.0,6.11,50.0
CO,Colombia,Health Care,41.39,48.5,50.0,50.0,9.2,0,[],42.5,62.5,2.5,3.0,3.0,50.0,,,,,,26.0,6.11,50.0
CO,Colombia,Industrials,41.39,48.5,50.0,50.0,9.2,0,[],42.5,62.5,2.5,3.0,3.0,50.0,,,,,,26.0,6.11,50.0
CO,Colombia,Information Technology,42.44,52.0,50.0,50.0,9.2,0,[],47.5,62.5,2.5,4.0,3.0,50.0,,,,,,26.0,6.11,50.0
CO,Colombia,Materials,41.39,48.5,50.0,50.0,9.2,0,[],42.5,62.5,2.5,3.0,3.0,50.0,,,,,,26.0,6.11,50.0
CO,Colombia,Real Estate,40.34,45.0,50.0,50.0,9.2,0,[],37.5,62.5,2.5,2.0,3.0,50.0,,,,,,26.0,6.11,50.0
CO,Colombia,Utilities,40.34,45.0,50.0,50.0,9.2,0,[],37.5,62.5,2.5,2.0,3.0,50.0,,,,,,26.0,6.11,50.0
ZA,South Africa,Communication Services,42.37,52.0,50.0,50.0,8.83,0,[],47.5,62.5,2.5,4.0,3.0,50.0,,,,,,26.0,5.15,50.0
ZA,South Africa,Consumer Discretionary,41.84,50.25,50.0,50.0,8.83,0,[],45.0,62.5,2.5,3.0,3.0,50.0,,,,,,26.0,5.15,50.0
ZA,South Africa,Consumer Staples,41.84,50.25,50.0,50.0,8.83,0,[],45.0,62.5,2.5,3.0,3.0,50.0,,,,,,26.0,5.15,50.0
ZA,South Africa,Energy,41.32,48.5,50.0,50.0,8.83,0,[],42.5,62.5,2.5,3.0,3.0,50.0,,,,,,26.0,5.15,50.0
ZA,South Africa,Financials,41.32,48.5,50.0,50.0,8.83,0,[],42.5,62.5,2.5,3.0,3.0,50.0,,,,,,26.0,5.15,50.0
ZA,South Africa,Health Care,41.32,48.5,50.0,50.0,8.83,0,[],42.5,62.5,2.5,3.0,3.0,50.0,,,,,,26.0,5.15,50.0
ZA,South Africa,Industrials,41.32,48.5,50.0,50.0,8.83,0,[],42.5,62.5,2.5,3.0,3.0,50.0,,,,,,26.0,5.15,50.0
ZA,South Africa,Information Technology,42.37,52.0,50.0,50.0,8.83,0,[],47.5,62.5,2.5,4.0,3.0,50.0,,,,,,26.0,5.15,50.0
ZA,South Africa,Materials,41.32,48.5,50.0,50.0,8.83,0,[],42.5,62.5,2.5,3.0,3.0,50.0,,,,,,26.0,5.15,50.0
ZA,South Africa,Real Estate,40.27,45.0,50.0,50.0,8.83,0,[],37.5,62.5,2.5,2.0,3.0,50.0,,,,,,26.0,5.15,50.0
ZA,South Africa,Utilities,40.27,45.0,50.0,50.0,8.83,0,[],37.5,62.5,2.5,2.0,3.0,50.0,,,,,,26.0,5.15,50.0
